Workbook

Sheet Mode d'emploi
B2: Modèle de parc véhicules - module Matériel embarqué
B3: Une ligne par véhicule, dans l'onglet « Parc ».
B5: Colonnes obligatoires (en-tête marqué *)
B6: • Immatriculation, Agence, Solution, Type de véhicule. L'immatriculation identifie le véhicule (pas de numéro de parc).
B7: • Immatriculation au format GH148HB : lettres et chiffres collés, sans tiret ni espace (les tirets éventuels sont retirés à l'import).
B8: • Solution et Type de véhicule : liste déroulante. Agence : liste issue de l'onglet « Listes » (complétez-la), autre valeur possible.
B10: Équipements : remplis automatiquement selon la solution
B11: • Dès que la solution est choisie, chaque équipement affiche « Oui » (prévu pour cette solution) ou « — » (ne s'applique pas).
B12: • Seul geste à faire : remplacer « Oui » par « Non » si l'équipement manque sur ce véhicule.
B13: • Pour revenir à la valeur automatique d'une case, recopiez la case du dessus (la formule est la même sur toute la colonne).
B14: • La correspondance solution / équipements se règle dans l'onglet « Listes » (tableau « Équipements par solution »).
B16: Contrôles automatiques
... B23: Une fois rempli : dans l'outil Matériel embarqué, onglet Réglages › Parc de véhicules, glissez ce fichier dans la zone de dépôt, vérifiez le rapport puis validez.

Sheet Parc
A1: VÉHICULE | F1: ÉQUIPEMENTS CABINE - auto selon la solution | J1: ÉQUIPEMENTS ARRIÈRE - auto selon la solution
A2: Immatriculation * | B2: Agence * | C2: Solution * | D2: Type de véhicule * | E2: Marque / modèle | F2: Tablette | G2: Support de charge | H2: Calculateur K3 | I2: Antenne cabine | J2: Antenne arrière (dent) | K2: Décodeur | L2: Boîte à boutons (BBV) | M2: NBAB | N2: Commentaire
A3: GH214AB | B3: Lyon Est | C3: CITI'ID | D3: BOM 26 T | E3: Renault D Wide | F3: =IF($C3="","",IFERROR(INDEX(Listes!F$2:F$5,MATCH($C3,Listes!$E$2:$E$5,0)),"")) -> Oui | G3: =IF($C3="","",IFERROR(INDEX(Listes!G$2:G$5,MATCH($C3,Listes!$E$2:$E$5,0)),"")) -> Oui | H3: =IF($C3="","",IFERROR(INDEX(Listes!H$2:H$5,MATCH($C3,Listes!$E$2:$E$5,0)),"")) -> Oui | I3: =IF($C3="","",IFERROR(INDEX(Listes!I$2:I$5,MATCH($C3,Listes!$E$2:$E$5,0)),"")) -> Oui | J3: =IF($C3="","",IFERROR(INDEX(Listes!J$2:J$5,MATCH($C3,Listes!$E$2:$E$5,0)),"")) -> Oui | K3: =IF($C3="","",IFERROR(INDEX(Listes!K$2:K$5,MATCH($C3,Listes!$E$2:$E$5,0)),"")) -> Oui | L3: Non | M3: =IF($C3="","",IFERROR(INDEX(Listes!M$2:M$5,MATCH($C3,Listes!$E$2:$E$5,0)),"")) -> Oui | N3: EXEMPLE - ligne à remplacer ou supprimer (ici : pas de BBV montée)
F4: =IF($C4="","",IFERROR(INDEX(Listes!F$2:F$5,MATCH($C4,Listes!$E$2:$E$5,0)),"")) | G4: =IF($C4="","",IFERROR(INDEX(Listes!G$2:G$5,MATCH($C4,Listes!$E$2:$E$5,0)),"")) | H4: =IF($C4="","",IFERROR(INDEX(Listes!H$2:H$5,MATCH($C4,Listes!$E$2:$E$5,0)),"")) | I4: =IF($C4="","",IFERROR(INDEX(Listes!I$2:I$5,MATCH($C4,Listes!$E$2:$E$5,0)),"")) | J4: =IF($C4="","",IFERROR(INDEX(Listes!J$2:J$5,MATCH($C4,Listes!$E$2:$E$5,0)),"")) | K4: =IF($C4="","",IFERROR(INDEX(Listes!K$2:K$5,MATCH($C4,Listes!$E$2:$E$5,0)),"")) | L4: =IF($C4="","",IFERROR(INDEX(Listes!L$2:L$5,MATCH($C4,Listes!$E$2:$E$5,0)),"")) | M4: =IF($C4="","",IFERROR(INDEX(Listes!M$2:M$5,MATCH($C4,Listes!$E$2:$E$5,0)),""))
F5: =IF($C5="","",IFERROR(INDEX(Listes!F$2:F$5,MATCH($C5,Listes!$E$2:$E$5,0)),"")) | G5: =IF($C5="","",IFERROR(INDEX(Listes!G$2:G$5,MATCH($C5,Listes!$E$2:$E$5,0)),"")) | H5: =IF($C5="","",IFERROR(INDEX(Listes!H$2:H$5,MATCH($C5,Listes!$E$2:$E$5,0)),"")) | I5: =IF($C5="","",IFERROR(INDEX(Listes!I$2:I$5,MATCH($C5,Listes!$E$2:$E$5,0)),"")) | J5: =IF($C5="","",IFERROR(INDEX(Listes!J$2:J$5,MATCH($C5,Listes!$E$2:$E$5,0)),"")) | K5: =IF($C5="","",IFERROR(INDEX(Listes!K$2:K$5,MATCH($C5,Listes!$E$2:$E$5,0)),"")) | L5: =IF($C5="","",IFERROR(INDEX(Listes!L$2:L$5,MATCH($C5,Listes!$E$2:$E$5,0)),"")) | M5: =IF($C5="","",IFERROR(INDEX(Listes!M$2:M$5,MATCH($C5,Listes!$E$2:$E$5,0)),""))
F6: =IF($C6="","",IFERROR(INDEX(Listes!F$2:F$5,MATCH($C6,Listes!$E$2:$E$5,0)),"")) | G6: =IF($C6="","",IFERROR(INDEX(Listes!G$2:G$5,MATCH($C6,Listes!$E$2:$E$5,0)),"")) | H6: =IF($C6="","",IFERROR(INDEX(Listes!H$2:H$5,MATCH($C6,Listes!$E$2:$E$5,0)),"")) | I6: =IF($C6="","",IFERROR(INDEX(Listes!I$2:I$5,MATCH($C6,Listes!$E$2:$E$5,0)),"")) | J6: =IF($C6="","",IFERROR(INDEX(Listes!J$2:J$5,MATCH($C6,Listes!$E$2:$E$5,0)),"")) | K6: =IF($C6="","",IFERROR(INDEX(Listes!K$2:K$5,MATCH($C6,Listes!$E$2:$E$5,0)),"")) | L6: =IF($C6="","",IFERROR(INDEX(Listes!L$2:L$5,MATCH($C6,Listes!$E$2:$E$5,0)),"")) | M6: =IF($C6="","",IFERROR(INDEX(Listes!M$2:M$5,MATCH($C6,Listes!$E$2:$E$5,0)),""))
F7: =IF($C7="","",IFERROR(INDEX(Listes!F$2:F$5,MATCH($C7,Listes!$E$2:$E$5,0)),"")) | G7: =IF($C7="","",IFERROR(INDEX(Listes!G$2:G$5,MATCH($C7,Listes!$E$2:$E$5,0)),"")) | H7: =IF($C7="","",IFERROR(INDEX(Listes!H$2:H$5,MATCH($C7,Listes!$E$2:$E$5,0)),"")) | I7: =IF($C7="","",IFERROR(INDEX(Listes!I$2:I$5,MATCH($C7,Listes!$E$2:$E$5,0)),"")) | J7: =IF($C7="","",IFERROR(INDEX(Listes!J$2:J$5,MATCH($C7,Listes!$E$2:$E$5,0)),"")) | K7: =IF($C7="","",IFERROR(INDEX(Listes!K$2:K$5,MATCH($C7,Listes!$E$2:$E$5,0)),"")) | L7: =IF($C7="","",IFERROR(INDEX(Listes!L$2:L$5,MATCH($C7,Listes!$E$2:$E$5,0)),"")) | M7: =IF($C7="","",IFERROR(INDEX(Listes!M$2:M$5,MATCH($C7,Listes!$E$2:$E$5,0)),""))
F8: =IF($C8="","",IFERROR(INDEX(Listes!F$2:F$5,MATCH($C8,Listes!$E$2:$E$5,0)),"")) | G8: =IF($C8="","",IFERROR(INDEX(Listes!G$2:G$5,MATCH($C8,Listes!$E$2:$E$5,0)),"")) | H8: =IF($C8="","",IFERROR(INDEX(Listes!H$2:H$5,MATCH($C8,Listes!$E$2:$E$5,0)),"")) | I8: =IF($C8="","",IFERROR(INDEX(Listes!I$2:I$5,MATCH($C8,Listes!$E$2:$E$5,0)),"")) | J8: =IF($C8="","",IFERROR(INDEX(Listes!J$2:J$5,MATCH($C8,Listes!$E$2:$E$5,0)),"")) | K8: =IF($C8="","",IFERROR(INDEX(Listes!K$2:K$5,MATCH($C8,Listes!$E$2:$E$5,0)),"")) | L8: =IF($C8="","",IFERROR(INDEX(Listes!L$2:L$5,MATCH($C8,Listes!$E$2:$E$5,0)),"")) | M8: =IF($C8="","",IFERROR(INDEX(Listes!M$2:M$5,MATCH($C8,Listes!$E$2:$E$5,0)),""))
F9: =IF($C9="","",IFERROR(INDEX(Listes!F$2:F$5,MATCH($C9,Listes!$E$2:$E$5,0)),"")) | G9: =IF($C9="","",IFERROR(INDEX(Listes!G$2:G$5,MATCH($C9,Listes!$E$2:$E$5,0)),"")) | H9: =IF($C9="","",IFERROR(INDEX(Listes!H$2:H$5,MATCH($C9,Listes!$E$2:$E$5,0)),"")) | I9: =IF($C9="","",IFERROR(INDEX(Listes!I$2:I$5,MATCH($C9,Listes!$E$2:$E$5,0)),"")) | J9: =IF($C9="","",IFERROR(INDEX(Listes!J$2:J$5,MATCH($C9,Listes!$E$2:$E$5,0)),"")) | K9: =IF($C9="","",IFERROR(INDEX(Listes!K$2:K$5,MATCH($C9,Listes!$E$2:$E$5,0)),"")) | L9: =IF($C9="","",IFERROR(INDEX(Listes!L$2:L$5,MATCH($C9,Listes!$E$2:$E$5,0)),"")) | M9: =IF($C9="","",IFERROR(INDEX(Listes!M$2:M$5,MATCH($C9,Listes!$E$2:$E$5,0)),""))
F10: =IF($C10="","",IFERROR(INDEX(Listes!F$2:F$5,MATCH($C10,Listes!$E$2:$E$5,0)),"")) | G10: =IF($C10="","",IFERROR(INDEX(Listes!G$2:G$5,MATCH($C10,Listes!$E$2:$E$5,0)),"")) | H10: =IF($C10="","",IFERROR(INDEX(Listes!H$2:H$5,MATCH($C10,Listes!$E$2:$E$5,0)),"")) | I10: =IF($C10="","",IFERROR(INDEX(Listes!I$2:I$5,MATCH($C10,Listes!$E$2:$E$5,0)),"")) | J10: =IF($C10="","",IFERROR(INDEX(Listes!J$2:J$5,MATCH($C10,Listes!$E$2:$E$5,0)),"")) | K10: =IF($C10="","",IFERROR(INDEX(Listes!K$2:K$5,MATCH($C10,Listes!$E$2:$E$5,0)),"")) | L10: =IF($C10="","",IFERROR(INDEX(Listes!L$2:L$5,MATCH($C10,Listes!$E$2:$E$5,0)),"")) | M10: =IF($C10="","",IFERROR(INDEX(Listes!M$2:M$5,MATCH($C10,Listes!$E$2:$E$5,0)),""))
F11: =IF($C11="","",IFERROR(INDEX(Listes!F$2:F$5,MATCH($C11,Listes!$E$2:$E$5,0)),"")) | G11: =IF($C11="","",IFERROR(INDEX(Listes!G$2:G$5,MATCH($C11,Listes!$E$2:$E$5,0)),"")) | H11: =IF($C11="","",IFERROR(INDEX(Listes!H$2:H$5,MATCH($C11,Listes!$E$2:$E$5,0)),"")) | I11: =IF($C11="","",IFERROR(INDEX(Listes!I$2:I$5,MATCH($C11,Listes!$E$2:$E$5,0)),"")) | J11: =IF($C11="","",IFERROR(INDEX(Listes!J$2:J$5,MATCH($C11,Listes!$E$2:$E$5,0)),"")) | K11: =IF($C11="","",IFERROR(INDEX(Listes!K$2:K$5,MATCH($C11,Listes!$E$2:$E$5,0)),"")) | L11: =IF($C11="","",IFERROR(INDEX(Listes!L$2:L$5,MATCH($C11,Listes!$E$2:$E$5,0)),"")) | M11: =IF($C11="","",IFERROR(INDEX(Listes!M$2:M$5,MATCH($C11,Listes!$E$2:$E$5,0)),""))
F12: =IF($C12="","",IFERROR(INDEX(Listes!F$2:F$5,MATCH($C12,Listes!$E$2:$E$5,0)),"")) | G12: =IF($C12="","",IFERROR(INDEX(Listes!G$2:G$5,MATCH($C12,Listes!$E$2:$E$5,0)),"")) | H12: =IF($C12="","",IFERROR(INDEX(Listes!H$2:H$5,MATCH($C12,Listes!$E$2:$E$5,0)),"")) | I12: =IF($C12="","",IFERROR(INDEX(Listes!I$2:I$5,MATCH($C12,Listes!$E$2:$E$5,0)),"")) | J12: =IF($C12="","",IFERROR(INDEX(Listes!J$2:J$5,MATCH($C12,Listes!$E$2:$E$5,0)),"")) | K12: =IF($C12="","",IFERROR(INDEX(Listes!K$2:K$5,MATCH($C12,Listes!$E$2:$E$5,0)),"")) | L12: =IF($C12="","",IFERROR(INDEX(Listes!L$2:L$5,MATCH($C12,Listes!$E$2:$E$5,0)),"")) | M12: =IF($C12="","",IFERROR(INDEX(Listes!M$2:M$5,MATCH($C12,Listes!$E$2:$E$5,0)),""))
F13: =IF($C13="","",IFERROR(INDEX(Listes!F$2:F$5,MATCH($C13,Listes!$E$2:$E$5,0)),"")) | G13: =IF($C13="","",IFERROR(INDEX(Listes!G$2:G$5,MATCH($C13,Listes!$E$2:$E$5,0)),"")) | H13: =IF($C13="","",IFERROR(INDEX(Listes!H$2:H$5,MATCH($C13,Listes!$E$2:$E$5,0)),"")) | I13: =IF($C13="","",IFERROR(INDEX(Listes!I$2:I$5,MATCH($C13,Listes!$E$2:$E$5,0)),"")) | J13: =IF($C13="","",IFERROR(INDEX(Listes!J$2:J$5,MATCH($C13,Listes!$E$2:$E$5,0)),"")) | K13: =IF($C13="","",IFERROR(INDEX(Listes!K$2:K$5,MATCH($C13,Listes!$E$2:$E$5,0)),"")) | L13: =IF($C13="","",IFERROR(INDEX(Listes!L$2:L$5,MATCH($C13,Listes!$E$2:$E$5,0)),"")) | M13: =IF($C13="","",IFERROR(INDEX(Listes!M$2:M$5,MATCH($C13,Listes!$E$2:$E$5,0)),""))
F14: =IF($C14="","",IFERROR(INDEX(Listes!F$2:F$5,MATCH($C14,Listes!$E$2:$E$5,0)),"")) | G14: =IF($C14="","",IFERROR(INDEX(Listes!G$2:G$5,MATCH($C14,Listes!$E$2:$E$5,0)),"")) | H14: =IF($C14="","",IFERROR(INDEX(Listes!H$2:H$5,MATCH($C14,Listes!$E$2:$E$5,0)),"")) | I14: =IF($C14="","",IFERROR(INDEX(Listes!I$2:I$5,MATCH($C14,Listes!$E$2:$E$5,0)),"")) | J14: =IF($C14="","",IFERROR(INDEX(Listes!J$2:J$5,MATCH($C14,Listes!$E$2:$E$5,0)),"")) | K14: =IF($C14="","",IFERROR(INDEX(Listes!K$2:K$5,MATCH($C14,Listes!$E$2:$E$5,0)),"")) | L14: =IF($C14="","",IFERROR(INDEX(Listes!L$2:L$5,MATCH($C14,Listes!$E$2:$E$5,0)),"")) | M14: =IF($C14="","",IFERROR(INDEX(Listes!M$2:M$5,MATCH($C14,Listes!$E$2:$E$5,0)),""))
F15: =IF($C15="","",IFERROR(INDEX(Listes!F$2:F$5,MATCH($C15,Listes!$E$2:$E$5,0)),"")) | G15: =IF($C15="","",IFERROR(INDEX(Listes!G$2:G$5,MATCH($C15,Listes!$E$2:$E$5,0)),"")) | H15: =IF($C15="","",IFERROR(INDEX(Listes!H$2:H$5,MATCH($C15,Listes!$E$2:$E$5,0)),"")) | I15: =IF($C15="","",IFERROR(INDEX(Listes!I$2:I$5,MATCH($C15,Listes!$E$2:$E$5,0)),"")) | J15: =IF($C15="","",IFERROR(INDEX(Listes!J$2:J$5,MATCH($C15,Listes!$E$2:$E$5,0)),"")) | K15: =IF($C15="","",IFERROR(INDEX(Listes!K$2:K$5,MATCH($C15,Listes!$E$2:$E$5,0)),"")) | L15: =IF($C15="","",IFERROR(INDEX(Listes!L$2:L$5,MATCH($C15,Listes!$E$2:$E$5,0)),"")) | M15: =IF($C15="","",IFERROR(INDEX(Listes!M$2:M$5,MATCH($C15,Listes!$E$2:$E$5,0)),""))
... F503: =IF($C503="","",IFERROR(INDEX(Listes!F$2:F$5,MATCH($C503,Listes!$E$2:$E$5,0)),"")) | G503: =IF($C503="","",IFERROR(INDEX(Listes!G$2:G$5,MATCH($C503,Listes!$E$2:$E$5,0)),"")) | H503: =IF($C503="","",IFERROR(INDEX(Listes!H$2:H$5,MATCH($C503,Listes!$E$2:$E$5,0)),"")) | I503: =IF($C503="","",IFERROR(INDEX(Listes!I$2:I$5,MATCH($C503,Listes!$E$2:$E$5,0)),"")) | J503: =IF($C503="","",IFERROR(INDEX(Listes!J$2:J$5,MATCH($C503,Listes!$E$2:$E$5,0)),"")) | K503: =IF($C503="","",IFERROR(INDEX(Listes!K$2:K$5,MATCH($C503,Listes!$E$2:$E$5,0)),"")) | L503: =IF($C503="","",IFERROR(INDEX(Listes!L$2:L$5,MATCH($C503,Listes!$E$2:$E$5,0)),"")) | M503: =IF($C503="","",IFERROR(INDEX(Listes!M$2:M$5,MATCH($C503,Listes!$E$2:$E$5,0)),""))

Sheet Listes
A1: Solutions | B1: Types de véhicule | C1: Agences (à compléter) | E1: Équipements par solution | F1: Tablette | G1: Support de charge | H1: Calculateur K3 | I1: Antenne cabine | J1: Antenne arrière (dent) | K1: Décodeur | L1: Boîte à boutons (BBV) | M1: NBAB
A2: CITIPAP | B2: BOM 12 T | E2: CITIPAP | F2: Oui | G2: Oui | H2: Oui | I2: Oui | J2: — | K2: — | L2: — | M2: —
A3: CITI'ID | B3: BOM 16 T | E3: CITI'ID | F3: Oui | G3: Oui | H3: Oui | I3: Oui | J3: Oui | K3: Oui | L3: Oui | M3: Oui
A4: CITI'Mission | B4: BOM 19 T | E4: CITI'Mission | F4: Oui | G4: Oui | H4: Oui | I4: Oui | J4: — | K4: — | L4: — | M4: —
A5: CITIPAV | B5: BOM 26 T | E5: CITIPAV | F5: Oui | G5: Oui | H5: Oui | I5: Oui | J5: — | K5: — | L5: — | M5: —
B6: BOM 32 T
B7: BOM 7,5 T | E7: Valeurs en bleu modifiables : « Oui » = équipement prévu pour la solution, « — » = ne s'applique pas. Source : guide Simpliciti CITI'ID et consignes de l'exploitation.
B8: Bennette 3,5 T
B9: BOM bicomp 50/50
B10: BOM bicomp 70/30
B11: BOM préhension latérale
B12: BOM grue 19 T
B13: BOM grue 26 T
B14: BOM grue 32 T
